,Class_ID,Name,Sample_Num,Flag,Gender,Race
14,n000015," ""Aaron_Motsoaledi""",248,1,m,African
33,n000034," ""Abou_Diaby""",306,1,m,African
75,n000076," ""Adewale_Akinnuoye-Agbaje""",304,1,f,African
95,n000096," ""Adrien_Broner""",425,1,m,African
123,n000124," ""Ahlam""",310,1,f,African
169,n000172," ""Al_Sharpton""",484,1,m,African
170,n000173," ""Al-Farouq_Aminu""",286,1,m,African
188,n000191," ""Alassane_Ouattara""",385,1,m,African
204,n000208," ""Alec_Burks""",276,1,m,African
216,n000220," ""Alek_Wek""",476,1,m,African
230,n000234," ""Alesha_Dixon""",639,1,f,African
263,n000267," ""Alex_Song""",352,1,m,African
290,n000294," ""Alexandre_Lacazette""",349,1,m,African
295,n000299," ""Alexis_Jordan""",397,1,f,African
320,n000324," ""Alice_Bah_Kuhnke""",318,1,f,African
349,n000353," ""Allen_West""",285,1,m,African
355,n000359," ""Allyson_Felix""",455,1,f,African
362,n000366," ""Alonzo_Bodden""",241,1,m,African
366,n000370," ""Aly_Cissokho""",254,1,m,African
367,n000371," ""Alysia_Montaño""",282,1,f,African
387,n000391," ""Amare_Stoudemire""",425,1,m,African
394,n000398," ""Amber_Stevens""",273,1,f,African
396,n000400," ""Ambrose_Akinmusire""",238,1,m,African
401,n000406," ""Amerie""",434,1,f,African
455,n000460," ""Ananda_Lewis""",378,1,f,African
470,n000475," ""Andre_Berto""",351,1,m,African
471,n000476," ""Andre_Iguodala""",435,1,m,African
513,n000518," ""Andrew_Bynum""",376,1,m,African
532,n000538," ""André_3000""",424,1,m,African
533,n000539," ""André_Ayew""",433,1,m,African
562,n000568," ""Angela_Bassett""",540,1,f,African
570,n000577," ""Angela_Simmons""",631,1,f,African
585,n000592," ""Angie_Motshekga""",257,1,f,African
586,n000593," ""Angie_Stone""",321,1,f,African
633,n000641," ""Annabelle_Mandeng""",468,1,f,African
683,n000691," ""Anthony_Foxx""",322,1,m,African
693,n000701," ""Antoine_Walker""",248,1,m,African
699,n000707," ""Antonia_Thomas""",428,1,f,African
717,n000725," ""Antonio_Valencia""",382,1,m,African
751,n000760," ""Aries_Merritt""",311,1,m,African
752,n000761," ""Aries_Spears""",213,1,m,African
762,n000771," ""Arlenis_Sosa""",512,1,f,African
763,n000772," ""Arlindo_Cruz""",375,1,m,African
772,n000781," ""Arron_Afflalo""",358,1,m,African
774,n000783," ""Arsenio_Hall""",396,1,m,African
792,n000801," ""Asamoah_Gyan""",317,1,m,African
805,n000814," ""Ashley_Young""",394,1,m,African
812,n000821," ""Atiba_Hutchinson""",248,1,m,African
820,n000829," ""Ava_DuVernay""",397,1,f,African
821,n000830," ""Avery_Bradley""",331,1,m,African
822,n000831," ""Avery_Johnson""",285,1,m,African
823,n000832," ""Avery_Sunshine""",286,1,m,African
856,n000865," ""Aïssa_Maïga""",489,1,f,African
859,n000868," ""B._J._Upton""",283,1,m,African
862,n000871," ""Bacary_Sagna""",327,1,m,African
868,n000878," ""Bakary_Sako""",213,1,m,African
894,n000904," ""Baron_Davis""",435,1,m,African
896,n000906," ""Barry_Bonds""",217,1,m,African
921,n000931," ""Beenie_Man""",246,1,m,African
933,n000944," ""Ben_Carson""",455,1,m,African
967,n000978," ""Bernard_Hopkins""",368,1,m,African
976,n000987," ""Bernie_Mac""",397,1,m,African
978,n000989," ""Bershawn_Jackson""",175,1,m,African
1056,n001070," ""Bingu_wa_Mutharika""",279,1,m,African
1062,n001076," ""Biz_Markie""",351,1,m,African
1067,n001081," ""Black_Thought""",224,1,m,African
1068,n001082," ""Blaise_Matuidi""",363,1,m,African
1094,n001109," ""Bob_Marley""",314,1,m,African
1107,n001122," ""Bobby_McFerrin""",304,1,m,African
1155,n001170," ""Brandon_Jennings""",401,1,m,African
1156,n001171," ""Brandon_Knight""",328,1,m,African
1163,n001178," ""Brandy_Norwood""",537,1,f,African
1164,n001179," ""Branford_Marsalis""",266,1,m,African
1183,n001198," ""Bria_Murphy""",487,1,f,African
1192,n001207," ""Brian_McKnight""",256,1,m,African
1235,n001250," ""Brooke_Valentine""",234,1,f,African
1236,n001251," ""Brooklyn_Sudano""",309,1,f,African
1252,n001267," ""Bruno_Martins_Indi""",276,1,m,African
1258,n001273," ""Bryant_McKinnie""",231,1,m,African
1264,n001279," ""Buju_Banton""",201,1,m,African
1265,n001280," ""Bun_B""",210,1,m,African
1268,n001283," ""Burning_Spear""",210,1,m,African
1273,n001288," ""Byron_Scott""",334,1,m,African
1349,n001366," ""Carlinhos_Bala""",211,1,m,African
1369,n001386," ""Carlton_Cole""",293,1,m,African
1375,n001392," ""Carmelo_Anthony""",570,1,m,African
1435,n001452," ""Caster_Semenya""",418,1,f,African
1439,n001456," ""Caterine_Ibargüen""",227,1,f,African
1461,n001478," ""Cedric_Benson""",125,1,m,African
1462,n001479," ""CeeLo_Green""",510,1,m,African
1484,n001502," ""Chaka_Khan""",480,1,f,African
1490,n001508," ""Chanel_Iman""",665,1,f,African
1497,n001515," ""Chanté_Moore""",355,1,f,African
1507,n001526," ""Charles_Tillman""",189,1,m,African
1522,n001542," ""Charlie_Strong""",296,1,m,African
1538,n001558," ""Cheick_Tioté""",246,1,m,African
1554,n001574," ""Chico_César""",261,1,m,African
1557,n001577," ""China_Moses""",287,1,f,African
1577,n001597," ""Chris_Duhon""",207,1,m,African
1578,n001598," ""Chris_Gayle""",349,1,m,African
1585,n001605," ""Chris_Oyakhilome""",253,1,m,African
1601,n001621," ""Christian_Benteke""",365,1,m,African
1602,n001622," ""Christian_Benítez""",308,1,m,African
1616,n001636," ""Christian_McBride""",258,1,m,African
1640,n001660," ""Christine_Ohuruogu""",414,1,f,African
1669,n001690," ""Chuka_Umunna""",395,1,m,African
1672,n001693," ""Ciara""",584,1,f,African
1690,n001711," ""Clarence_Seedorf""",380,1,m,African
1695,n001716," ""Claude_Makélélé""",358,1,m,African
1709,n001730," ""Claudio_Beauvue""",303,1,m,African
1757,n001778," ""Colin_Kazim-Richards""",398,1,m,African
1761,n001782," ""Concha_Buika""",305,1,f,African
1775,n001796," ""Corinne_Bailey_Rae""",481,1,f,African
1791,n001812," ""Cris_Vianna""",442,1,f,African
1812,n001834," ""Cuba_Gooding_Jr.""",461,1,m,African
1813,n001835," ""Curtis_Jackson""",394,1,m,African
1815,n001837," ""Cynthia_Bailey""",495,1,f,African
1834,n001856," ""D._L._Hughley""",347,1,m,African
1837,n001859," ""DJ_Clue?""",297,1,m,African
1841,n001863," ""Da_Brat""",366,1,f,African
1858,n001880," ""Damaris_Lewis""",382,1,f,African
1884,n001906," ""Danai_Gurira""",431,1,m,African
1897,n001919," ""Daniel_Cormier""",346,1,m,African
1910,n001932," ""Daniel_Sturridge""",464,1,m,African
1964,n001988," ""Darius_Rucker""",378,1,m,African
1966,n001990," ""Darrelle_Revis""",225,1,m,African
1970,n001994," ""Darren_Sammy""",298,1,m,African
1979,n002004," ""Dave_Chappelle""",401,1,m,African
1987,n002012," ""David_Alaba""",391,1,m,African
2024,n002050," ""David_Ortiz""",286,1,m,African
2044,n002070," ""Dawnn_Lewis""",346,1,f,African
2048,n002074," ""Daymond_John""",447,1,m,African
2050,n002076," ""Dbanj""",446,1,m,African
2051,n002077," ""DeMar_DeRozan""",444,1,m,African
2075,n002101," ""DeeDee_Trotter""",260,1,f,African
2090,n002116," ""Demba_Ba""",394,1,m,African
2092,n002118," ""Demetria_McKinney""",486,1,f,African
2100,n002126," ""Denis_Mukwege""",257,1,m,African
2106,n002132," ""Denise_Vasi""",370,1,f,African
2111,n002137," ""Dennenesch_Zoudé""",474,1,f,African
2112,n002138," ""Dennis_Rodman""",443,1,m,African
2115,n002141," ""Denzel_Washington""",545,1,m,African
2117,n002143," ""Derek_Luke""",376,1,m,African
2124,n002150," ""Derrick_Rose""",501,1,m,African
2153,n002179," ""Diane_Parish""",346,1,f,African
2160,n002187," ""Diddy""",520,1,m,African
2162,n002189," ""Didier_Drogba""",459,1,m,African
2187,n002214," ""Dikembe_Mutombo""",272,1,m,African
2199,n002226," ""Dioncounda_Traoré""",267,1,m,African
2200,n002227," ""Dionne_Warwick""",451,1,f,African
2201,n002228," ""Dionte_Christmas""",173,1,m,African
2212,n002239," ""Djibril_Bassolé""",215,1,m,African
2213,n002240," ""Djibril_Cissé""",448,1,m,African
2214,n002241," ""Djimon_Hounsou""",326,1,m,African
2217,n002244," ""Doc_Rivers""",428,1,m,African
2245,n002273," ""Donda_West""",152,1,f,African
2246,n002274," ""Donna_Brazile""",275,1,f,African
2255,n002283," ""Dorlan_Pabón""",378,1,m,African
2261,n002289," ""Douglas_Costa""",312,1,m,African
2272,n002300," ""Drew_Sidora""",312,1,f,African
2284,n002312," ""Duvier_Riascos""",255,1,m,African
2287,n002315," ""Dwayne_Bravo""",354,1,m,African
2290,n002318," ""Dwight_Howard""",402,1,m,African
2291,n002319," ""Dwyane_Wade""",457,1,m,African
2313,n002341," ""Ed_Reed""",247,1,m,African
2318,n002346," ""Eddie_Kendricks""",264,1,m,African
2319,n002347," ""Eddie_Levert""",371,1,m,African
2327,n002355," ""Edgar_Davids""",397,1,m,African
2330,n002358," ""Edi_Gathegi""",346,1,m,African
2335,n002363," ""Edinson_Volquez""",297,1,m,African
2361,n002390," ""Edward_Lowassa""",272,1,m,African
2369,n002398," ""Efe_Ambrose""",294,1,m,African
2384,n002413," ""El_Hadji_Diouf""",324,1,m,African
2404,n002434," ""Eliaquim_Mangala""",229,1,m,African
2407,n002437," ""Elijah_Cummings""",351,1,m,African
2438,n002468," ""Eljero_Elia""",398,1,m,African
2461,n002491," ""Elvan_Abeylegesse""",246,1,m,African
2463,n002493," ""Elvis_Andrus""",249,1,m,African
2466,n002496," ""Elvis_Mitchell""",215,1,m,African
2481,n002512," ""Emile_Heskey""",427,1,m,African
2509,n002541," ""Emmanuel_Adebayor""",372,1,m,African
2510,n002542," ""Emmanuel_Emenike""",287,1,m,African
2519,n002551," ""Emílio_Santiago""",202,1,m,African
2551,n002583," ""Eric_Maxim_Choupo-Moting""",318,1,m,African
2553,n002585," ""Erica_Hubbard""",371,1,f,African
2583,n002616," ""Ertharin_Cousin""",258,1,f,African
2589,n002622," ""Esperanza_Spalding""",466,1,f,African
2593,n002626," ""Essence_Atkins""",369,1,f,African
2598,n002631," ""Esther_Baxter""",348,1,f,African
2605,n002638," ""Eugena_Washington""",386,1,f,African
2654,n002688," ""Ezekiel_Kemboi""",281,1,m,African
2660,n002694," ""Fabian_Delph""",361,1,m,African
2708,n002742," ""Fatima_Siad""",376,1,f,African
2752,n002787," ""Fernando_Rodney""",204,1,m,African
2765,n002800," ""Filipe_Nyusi""",345,1,m,African
2783,n002819," ""Flo_Rida""",178,1,m,African
2787,n002823," ""Florence_Ita_Giwa""",312,1,f,African
2792,n002828," ""Florent_Malouda""",439,1,m,African
2801,n002837," ""Foxy_Brown""",406,1,f,African
2869,n002905," ""Fredy_Guarín""",287,1,m,African
2875,n002911," ""Frenchie_Davis""",356,1,f,African
2880,n002916," ""Frédéric_Kanouté""",281,1,m,African
2911,n002947," ""Gabrielle_Union""",572,1,f,African
2955,n002991," ""Gaël_Kakuta""",257,1,m,African
2956,n002992," ""Gaël_Monfils""",441,1,m,African
2969,n003006," ""Genzebe_Dibaba""",386,1,f,African
2974,n003011," ""Geoffrey_Kondogbia""",261,1,m,African
2975,n003012," ""Geoffrey_Mutai""",271,1,m,African
2999,n003036," ""Gerald_Asamoah""",322,1,m,African
3020,n003057," ""Gervinho""",322,1,m,African
3064,n003101," ""Gina_Torres""",428,1,f,African
3102,n003139," ""Gladys_Knight""",446,1,f,African
3109,n003147," ""Gloria_Gaynor""",301,1,f,African
3125,n003163," ""Golden_Brooks""",464,1,f,African
3145,n003183," ""Grace_Mugabe""",458,1,f,African
3436,n003476," ""Holly_Robinson_Peete""",571,1,f,African
3493,n003534," ""Ida_Corr""",215,1,f,African
3526,n003568," ""India.Arie""",365,1,f,African
3610,n003655," ""Ivory_Latta""",218,1,f,African
3647,n003694," ""Jackie_Appiah""",480,1,f,African
3665,n003712," ""Jada_Pinkett_Smith""",662,1,f,African
3699,n003746," ""Jamelia""",592,1,f,African
3770,n003819," ""Janelle_Monae""",621,1,f,African
4003,n004053," ""Jessica_White""",485,1,f,African
4026,n004076," ""Jill_Marie_Jones""",376,1,f,African
4188,n004244," ""Joke_Silva""",407,1,f,African
4314,n004373," ""Jourdan_Dunn""",665,1,f,African
4316,n004375," ""Joy_Bryant""",515,1,f,African
4376,n004436," ""Juliana_Kanyomozi""",279,1,f,African
4413,n004473," ""Jurnee_Smollett""",480,1,f,African
4472,n004532," ""Kaliese_Spencer""",204,1,f,African
4479,n004539," ""Kamie_Crawford""",287,1,f,African
4486,n004546," ""Kandyse_McClure""",241,1,f,African
4626,n004688," ""Keisha_Buchanan""",493,1,f,African
4631,n004693," ""Kelis""",541,1,f,African
4642,n004704," ""Kelly_Rowland""",262,1,f,African
4672,n004735," ""Keshia_Knight_Pulliam""",444,1,f,African
4699,n004762," ""Keyshia_Cole""",413,1,f,African
4751,n004819," ""Kimberley_Locke""",365,1,f,African
4869,n004938," ""Kyla_Pratt""",446,1,f,African
4889,n004958," ""LaKisha_Jones""",212,1,f,African
4902,n004971," ""Lalah_Hathaway""",354,1,f,African
5024,n005095," ""Leila_Lopes""",450,1,f,African
5027,n005098," ""Lela_Rochon""",384,1,f,African
5034,n005105," ""Lenda_Murray""",324,1,f,African
5081,n005152," ""Leymah_Gbowee""",339,1,f,African
5093,n005167," ""Lil_Kim""",536,1,f,African
5111,n005185," ""Lindiwe_Mazibuko""",255,1,f,African
5129,n005203," ""Lisa_Leslie""",342,1,f,African
5156,n005230," ""Logan_Browning""",359,1,f,African
5160,n005234," ""Loni_Love""",381,1,f,African
5176,n005250," ""Lorraine_Pascale""",339,1,f,African
5177,n005251," ""Lorraine_Toussaint""",424,1,f,African
5297,n005371," ""Lynn_Whitfield""",414,1,f,African
5382,n005456," ""Malika_Haqq""",491,1,f,African
5878,n005961," ""Melyssa_Ford""",418,1,f,African
5895,n005979," ""Mia_Love""",252,1,f,African
6042,n006129," ""Mila_J""",372,1,f,African
6105,n006193," ""Missy_Elliott""",373,1,f,African
6149,n006237," ""Monifah""",233,1,f,African
6153,n006241," ""Montego_Glover""",349,1,f,African
6204,n006292," ""Myriam_Soumaré""",354,1,f,African
6239,n006329," ""Nadja_Benaissa""",379,1,f,African
6509,n006604," ""Nona_Gaye""",201,1,f,African
6532,n006627," ""Nívea_Soares""",227,1,f,African
6578,n006674," ""Oluchi_Onweagba""",364,1,f,African
6585,n006683," ""Omarosa_Manigault""",537,1,f,African
6593,n006691," ""Oprah_Winfrey""",481,1,f,African
6728,n006828," ""Patti_LaBelle""",347,1,f,African
6899,n007002," ""Phylicia_Rashād""",531,1,f,African
6992,n007096," ""Queen_Harrison""",232,1,f,African
6993,n007097," ""Queen_Ifrica""",235,1,f,African
7132,n007237," ""Raven-Symoné""",579,1,f,African
7169,n007275," ""Remy_Ma""",440,1,f,African
7186,n007292," ""Rene_Syler""",313,1,f,African
7282,n007388," ""Rita_Dominic""",474,1,f,African
7362,n007470," ""Rochelle_Aytes""",412,1,f,African
7390,n007498," ""Rokia_Traoré""",274,1,f,African
7459,n007570," ""Roshumba_Williams""",255,1,f,African
7481,n007592," ""Rozonda_Thomas""",527,1,f,African
7608,n007723," ""Samantha_Mumba""",421,1,f,African
7659,n007775," ""Sanya_Richards-Ross""",461,1,f,African
7686,n007802," ""Sasha_Allen""",247,1,f,African
7865,n007990," ""Shaun_Robinson""",467,1,f,African
7887,n008012," ""Shelly-Ann_Fraser-Pryce""",359,1,f,African
7896,n008021," ""Sheryl_Underwood""",361,1,f,African
8064,n008194," ""Star_Jones""",400,1,f,African
8208,n008346," ""Syesha_Mercado""",301,1,f,African
8330,n008471," ""Terri_J._Vaughn""",346,1,f,African
8430,n008575," ""Tirunesh_Dibaba""",307,1,f,African
8449,n008594," ""Toccara_Jones""",424,1,f,African
8660,n008808," ""Vanessa_Bell_Calloway""",388,1,f,African
8677,n008825," ""Vashtie_Kola""",425,1,f,African
8690,n008839," ""Venus_Williams""",518,1,f,African
8765,n008917," ""Viola_Davis""",603,1,f,African
8919,n009072," ""Yarisley_Silva""",223,1,f,African
8923,n009076," ""Yasmin_Warsame""",276,1,f,African
8925,n009078," ""Yaya_DaCosta""",405,1,f,African
8930,n009083," ""Yendi_Phillips""",285,1,f,African
35,n000036," ""Aburizal_Bakrie""",374,1,m,Asian
38,n000039," ""Acha_Septriasa""",376,1,f,Asian
55,n000056," ""Adam_Liaw""",304,1,m,Asian
125,n000126," ""Ahmad_Zahid_Hamidi""",429,1,m,Asian
131,n000132," ""Ahn_Jae-wook""",334,1,m,Asian
133,n000134," ""Ai_Fukuhara""",404,1,f,Asian
134,n000135," ""Ai_Kato""",158,1,f,Asian
135,n000136," ""Ai_Miyazato""",266,1,f,Asian
136,n000137," ""Ai_Sugiyama""",226,1,f,Asian
137,n000138," ""Ai_Takahashi""",304,1,f,Asian
138,n000139," ""Ai_Tominaga""",432,1,f,Asian
142,n000143," ""Aika_Oota""",258,1,f,Asian
157,n000160," ""Aki_Hoshino""",385,1,f,Asian
158,n000161," ""Akio_Toyoda""",379,1,m,Asian
159,n000162," ""Akkaphan_Namart""",292,1,m,Asian
196,n000199," ""Alberto_Fujimori""",413,1,m,Asian
201,n000205," ""Albie_Casiño""",418,1,m,Asian
323,n000327," ""Alice_Kim""",253,1,f,Asian
324,n000328," ""Alice_Sara_Ott""",240,1,f,Asian
345,n000349," ""Allan_Wu""",209,1,m,Asian
425,n000430," ""Amy_Tan""",231,1,f,Asian
428,n000433," ""Amy_Yang""",213,1,f,Asian
431,n000436," ""An_Jeong-hwan""",200,1,m,Asian
554,n000560," ""Andy_Lau""",516,1,m,Asian
560,n000566," ""Angel_Locsin""",430,1,f,Asian
572,n000579," ""Angelababy""",481,1,f,Asian
583,n000590," ""Angie_Chiu""",287,1,f,Asian
590,n000597," ""Anifah_Aman""",360,1,m,Asian
734,n000743," ""Ara_Mina""",365,1,f,Asian
747,n000756," ""Ariel_Lin""",507,1,f,Asian
773,n000782," ""Arron_Villaflor""",338,1,m,Asian
791,n000800," ""Asami_Konno""",248,1,f,Asian
828,n000837," ""Aya_Matsuura""",284,1,f,Asian
830,n000839," ""Aya_Ueto""",427,1,f,Asian
831,n000840," ""Ayaka_Kikuchi""",230,1,f,Asian
846,n000855," ""Ayumi_Ishida""",299,1,f,Asian
847,n000856," ""Ayumi_Morita""",203,1,f,Asian
854,n000863," ""Azmin_Ali""",466,1,m,Asian
863,n000872," ""Bae_Soo-bin""",388,1,m,Asian
864,n000873," ""Bae_Yong-joon""",440,1,m,Asian
866,n000875," ""Baichung_Bhutia""",428,1,m,Asian
975,n000986," ""Bernice_Liu""",303,1,f,Asian
1123,n001138," ""Bong_Joon-ho""",261,1,m,Asian
1189,n001204," ""Brian_Joo""",404,1,m,Asian
1197,n001212," ""Brian_Tee""",301,1,m,Asian
1200,n001215," ""Brian_Viloria""",330,1,m,Asian
1211,n001226," ""Brigitte_Lin""",419,1,f,Asian
1266,n001281," ""Bunga_Citra_Lestari""",456,1,f,Asian
1317,n001334," ""Candace_Kita""",282,1,f,Asian
1373,n001390," ""Carman_Lee""",214,1,f,Asian
1478,n001496," ""Cha_Seung-won""",534,1,m,Asian
1500,n001518," ""Charlene_Choi""",485,1,f,Asian
1542,n001562," ""Chen_Guangcheng""",323,1,m,Asian
1552,n001572," ""Chiaki_Kuriyama""",322,1,f,Asian
1565,n001585," ""Cho_Hyung-jae""",352,1,m,Asian
1566,n001586," ""Cho_Kyuhyun""",761,1,m,Asian
1567,n001587," ""Choi_Ji-woo""",564,1,f,Asian
1568,n001588," ""Choi_Siwon""",578,1,m,Asian
1595,n001615," ""Chrissie_Chau""",426,1,f,Asian
1657,n001678," ""Christopher_Rungkat""",175,1,m,Asian
1661,n001682," ""Chua_Soi_Lek""",237,1,m,Asian
1743,n001764," ""Coco_Lee""",351,1,f,Asian
1842,n001864," ""Daesung""",281,1,m,Asian
1976,n002001," ""Daul_Kim""",300,1,f,Asian
2101,n002127," ""Denis_Ten""",333,1,m,Asian
2156,n002183," ""Dichen_Lachman""",325,1,f,Asian
2179,n002206," ""Diether_Ocampo""",383,1,m,Asian
2292,n002320," ""Dylan_Kuo""",313,1,m,Asian
2303,n002331," ""Dương_Triệu_Vũ""",374,1,m,Asian
2336,n002364," ""Edison_Chen""",446,1,m,Asian
2377,n002406," ""Eiji_Wentz""",421,1,m,Asian
2462,n002492," ""Elvin_Ng""",366,1,m,Asian
2479,n002509," ""Emi_Takei""",349,1,f,Asian
2520,n002552," ""Enchong_Dee""",535,1,m,Asian
2538,n002570," ""Eri_Kamei""",355,1,f,Asian
2570,n002603," ""Erina_Mano""",498,1,f,Asian
2611,n002644," ""Eunhyuk""",692,1,m,Asian
2690,n002724," ""Fan_Bingbing""",522,1,f,Asian
2691,n002725," ""Fann_Wong""",406,1,f,Asian
2771,n002806," ""Fiona_Sit""",371,1,f,Asian
2790,n002826," ""Florencio_Abad""",210,1,m,Asian
2846,n002882," ""Franklin_Drilon""",445,1,m,Asian
2914,n002950," ""Gackt""",457,1,m,Asian
2925,n002961," ""Garchen_Rinpoche""",201,1,m,Asian
2990,n003027," ""George_Takei""",476,1,m,Asian
3115,n003153," ""Go_Ara""",509,1,f,Asian
3116,n003154," ""Go_Hyun-jung""",408,1,f,Asian
3117,n003155," ""Go_Shiozaki""",436,1,m,Asian
3118,n003156," ""Go_Soeda""",192,1,m,Asian
3127,n003165," ""Gong_Lijiao""",123,1,f,Asian
3128,n003166," ""Gong_Xinliang""",195,1,f,Asian
3129,n003167," ""Gong_Yoo""",538,1,m,Asian
3185,n003223," ""Gu_Jun""",383,1,m,Asian
3230,n003269," ""Gwei_Lun-Mei""",321,1,f,Asian
3269,n003308," ""Han_Hye-jin""",441,1,f,Asian
3314,n003354," ""Haruka_Imai""",264,1,f,Asian
3315,n003355," ""Haruma_Miura""",470,1,m,Asian
3317,n003357," ""Haruna_Kawaguchi""",272,1,f,Asian
3318,n003358," ""Haruna_Kojima""",471,1,f,Asian
3329,n003369," ""Hayden_Kho""",302,1,m,Asian
3337,n003377," ""He_Kexin""",297,1,f,Asian
3393,n003433," ""Herbert_Bautista""",331,1,m,Asian
3408,n003448," ""Hidetada_Yamagishi""",388,1,m,Asian
3409,n003449," ""Hikaru_Utada""",321,1,f,Asian
3423,n003463," ""Hiro_Mizushima""",337,1,m,Asian
3424,n003464," ""Hiroki_Aiba""",237,1,m,Asian
3425,n003465," ""Hiroshi_Tamaki""",387,1,m,Asian
3427,n003467," ""Hitomi_Shimatani""",162,1,f,Asian
3429,n003469," ""Hoang_Phuc""",323,1,m,Asian
3440,n003481," ""Hong_Soo-hyun""",426,1,f,Asian
3441,n003482," ""Hor_Namhong""",425,1,m,Asian
3448,n003489," ""Hoàng_Hải""",288,1,m,Asian
3450,n003491," ""Hoàng_Trung_Hải""",202,1,m,Asian
3452,n003493," ""Huang_Yi""",267,1,f,Asian
3465,n003506," ""Huo_Siyan""",439,1,f,Asian
3467,n003508," ""Hyun_Bin""",399,1,m,Asian
3468,n003509," ""Hà_Anh_Tuấn""",353,1,m,Asian
3492,n003533," ""Ichirō_Ozawa""",307,1,m,Asian
3515,n003557," ""Im_Soo-jung""",370,1,f,Asian
3524,n003566," ""In-Kyung_Kim""",116,1,f,Asian
3525,n003567," ""Inbee_Park""",347,1,f,Asian
3558,n003602," ""Irina_Pantaeva""",430,1,f,Asian
3775,n003824," ""Jang_Seo-hee""",346,1,f,Asian
3785,n003834," ""Jarah_Mariano""",426,1,f,Asian
3838,n003887," ""Jay_Park""",359,1,m,Asian
3890,n003939," ""Jeanette_Aw""",398,1,f,Asian
3915,n003964," ""Jen-Hsun_Huang""",223,1,m,Asian
3932,n003981," ""Jennifer_Pham""",380,1,f,Asian
3947,n003996," ""Jeon_Jin-ho""",205,1,m,Asian
3952,n004001," ""Jeremy_Lin""",512,1,m,Asian
3985,n004035," ""Jesseca_Liu""",272,1,f,Asian
3999,n004049," ""Jessica_Sanchez""",456,1,f,Asian
4057,n004108," ""Jin_Akanishi""",420,1,m,Asian
4058,n004109," ""Jin-hee_Ji""",397,1,m,Asian
4059,n004110," ""Jiro_Wang""",447,1,m,Asian
4069,n004121," ""Jo_Yoon-hee""",396,1,f,Asian
4091,n004143," ""Joanne_Peh""",441,1,f,Asian
4165,n004221," ""John_Liu""",316,1,m,Asian
4226,n004282," ""Jong_Tae-se""",284,1,m,Asian
4233,n004290," ""Joo_Sang-wook""",605,1,m,Asian
4261,n004319," ""Jose_Antonio_Vargas""",311,1,m,Asian
4406,n004466," ""Jun_Jin""",276,1,m,Asian
4407,n004467," ""Jun_Matsumoto""",488,1,m,Asian
4408,n004468," ""Jun_Natsukawa""",186,1,f,Asian
4412,n004472," ""Juri_Ueno""",364,1,f,Asian
4454,n004514," ""K._J._Choi""",281,1,m,Asian
4485,n004545," ""Kanako_Enomoto""",135,1,f,Asian
4487,n004547," ""Kang_Dong-won""",363,1,m,Asian
4488,n004548," ""Kang_Ji-hwan""",474,1,m,Asian
4489,n004549," ""Kang_Ji-young""",513,1,f,Asian
4490,n004550," ""Kangin""",529,1,m,Asian
4491,n004551," ""Kangta""",362,1,m,Asian
4492,n004552," ""Kaori_Momoi""",237,1,f,Asian
4611,n004673," ""Kawee_Tanjararak""",147,1,m,Asian
4618,n004680," ""Kazue_Fukiishi""",253,1,f,Asian
4619,n004681," ""Kazunari_Ninomiya""",467,1,m,Asian
4624,n004686," ""Kei_Nishikori""",531,1,m,Asian
4625,n004687," ""Keiko_Kitagawa""",395,1,f,Asian
4628,n004690," ""Keisuke_Honda""",421,1,m,Asian
4637,n004699," ""Kelly_Choi""",257,1,f,Asian
4638,n004700," ""Kelly_Hu""",425,1,f,Asian
4639,n004701," ""Kelly_Misa""",331,1,f,Asian
4659,n004721," ""Kenichi_Matsuyama""",356,1,m,Asian
4662,n004725," ""Kent_Nagano""",300,1,m,Asian
4705,n004768," ""Khalil_Fong""",240,1,m,Asian
4710,n004773," ""Ki_Sung-yueng""",507,1,m,Asian
4717,n004780," ""Kim__Xuan""",358,1,f,Asian
4722,n004785," ""Kim_Ha-neul""",513,1,f,Asian
4723,n004786," ""Kim_Hyo-jin""",381,1,f,Asian
4724,n004787," ""Kim_Hyun-joo""",525,1,f,Asian
4726,n004790," ""Kim_Jae-wook""",372,1,m,Asian
4727,n004791," ""Kim_Jeong-hoon""",405,1,m,Asian
4728,n004792," ""Kim_Jong-dae""",399,1,m,Asian
4730,n004794," ""Kim_Jonghyun""",480,1,m,Asian
4731,n004796," ""Kim_Jung-hwa""",247,1,f,Asian
4732,n004797," ""Kim_Kang-woo""",405,1,m,Asian
4735,n004800," ""Kim_Kyu-jong""",604,1,m,Asian
4738,n004804," ""Kim_Myung-min""",398,1,m,Asian
4739,n004805," ""Kim_Myung-soon""",286,1,m,Asian
4740,n004806," ""Kim_Ryeowook""",814,1,m,Asian
4741,n004807," ""Kim_Sa-rang""",375,1,f,Asian
4742,n004808," ""Kim_Seung-woo""",401,1,m,Asian
4743,n004809," ""Kim_Shi-hoo""",405,1,m,Asian
4744,n004810," ""Kim_So-yeon""",425,1,f,Asian
4747,n004814," ""Kim_You-sung""",268,1,f,Asian
4764,n004832," ""Kingone_Wang""",304,1,m,Asian
4792,n004860," ""Ko_Eun-ah""",259,1,f,Asian
4796,n004864," ""Koharu_Kusumi""",393,1,f,Asian
4802,n004870," ""Koni_Lui""",235,1,f,Asian
4806,n004874," ""Koo_Ja-Cheol""",393,1,m,Asian
4809,n004877," ""Kou_Shibasaki""",226,1,f,Asian
4859,n004928," ""Kumi_Koda""",389,1,f,Asian
4861,n004930," ""Kurara_Chibana""",285,1,f,Asian
4866,n004935," ""Kwon_Sang-woo""",451,1,m,Asian
4867,n004936," ""Kwon_Yuri""",680,1,f,Asian
4879,n004948," ""Kyousuke_Hamao""",451,1,m,Asian
4905,n004974," ""Lam_Trường""",230,1,m,Asian
4993,n005063," ""Lee_Chae-young""",248,1,f,Asian
4994,n005064," ""Lee_Chung-yong""",335,1,m,Asian
4996,n005066," ""Lee_Dong-gun""",370,1,m,Asian
4997,n005067," ""Lee_Ha-nui""",385,1,f,Asian
4998,n005069," ""Lee_Ji-ah""",418,1,f,Asian
4999,n005070," ""Lee_Joon-gi""",326,1,m,Asian
5000,n005071," ""Lee_Jung-jae""",324,1,m,Asian
5001,n005072," ""Lee_Jung-jin""",357,1,m,Asian
5005,n005076," ""Lee_Mi-sook""",348,1,f,Asian
5006,n005077," ""Lee_Min-jung""",299,1,f,Asian
5007,n005078," ""Lee_Myung-bak""",447,1,m,Asian
5008,n005079," ""Lee_Sang-Woo""",370,1,m,Asian
5009,n005080," ""Lee_Sun-yeol""",579,1,m,Asian
5011,n005082," ""Lee_Yeon-hee""",535,1,f,Asian
5012,n005083," ""Lee_Yo-won""",302,1,f,Asian
5013,n005084," ""Lee_Yong-dae""",441,1,m,Asian
5014,n005085," ""Lee_Yoon-ji""",464,1,f,Asian
5015,n005086," ""Lee_Young-ae""",530,1,f,Asian
5018,n005089," ""Leeteuk""",696,1,m,Asian
5045,n005116," ""Leon_Lai""",407,1,m,Asian
5103,n005177," ""Lim_Guan_Eng""",215,1,m,Asian
5104,n005178," ""Lim_Kit_Siang""",347,1,m,Asian
5130,n005204," ""Lisa_Ling""",427,1,f,Asian
5142,n005216," ""Liu_Yan""",323,1,f,Asian
5173,n005247," ""Lorna_Tolentino""",349,1,f,Asian
5192,n005266," ""Louis_Koo""",515,1,m,Asian
5296,n005370," ""Lynn_Chen""",248,1,f,Asian
5304,n005378," ""Lương_Bích_Hữu""",443,1,f,Asian
5307,n005381," ""Ma_Dong-Seok""",311,1,m,Asian
5308,n005382," ""Ma_Long""",341,1,m,Asian
5309,n005383," ""Ma_Ying-jeou""",447,1,m,Asian
5314,n005388," ""Maasa_Sudou""",250,1,f,Asian
5349,n005423," ""Maggie_Cheung""",485,1,f,Asian
5361,n005435," ""Mai_Kuraki""",274,1,f,Asian
5362,n005436," ""Mai_Phương_Thúy""",416,1,f,Asian
5372,n005446," ""Maki_Horikita""",415,1,m,Asian
5373,n005447," ""Makoto_Hasebe""",423,1,m,Asian
5398,n005472," ""Mandy_Cho""",180,1,f,Asian
5409,n005483," ""Manpei_Takagi""",599,1,m,Asian
5500,n005575," ""Margaret_Cho""",481,1,f,Asian
5523,n005598," ""Maria_Ho""",391,1,f,Asian
5561,n005637," ""Mariko_Shinoda""",351,1,f,Asian
5628,n005704," ""Marky_Cielo""",214,1,m,Asian
5666,n005742," ""Martin_Yan""",326,1,m,Asian
5689,n005765," ""Mary_Kom""",335,1,f,Asian
5697,n005773," ""Marzuki_Alie""",314,1,m,Asian
5707,n005785," ""Masaharu_Fukuyama""",250,1,m,Asian
5708,n005787," ""Masi_Oka""",421,1,m,Asian
5762,n005843," ""Maudy_Ayunda""",426,1,f,Asian
5805,n005888," ""May_J.""",326,1,f,Asian
5813,n005896," ""Mayumi_Uchida""",207,1,f,Asian
5849,n005932," ""Meisa_Kuroki""",418,1,f,Asian
5894,n005978," ""Mew_Azama""",204,1,f,Asian
5973,n006059," ""Michelle_Phan""",298,1,f,Asian
5974,n006060," ""Michelle_Reis""",349,1,f,Asian
5978,n006064," ""Michelle_Waterson""",215,1,f,Asian
5979,n006065," ""Michelle_Wie""",371,1,f,Asian
6020,n006107," ""Mike_He""",281,1,m,Asian
6038,n006125," ""Miki_Nakatani""",299,1,f,Asian
6039,n006126," ""Mikie_Hara""",435,1,f,Asian
6059,n006146," ""Min_Young_Won""",242,1,f,Asian
6061,n006148," ""Minami_Minegishi""",387,1,f,Asian
6062,n006149," ""Minase_Yashiro""",233,1,f,Asian
6063,n006150," ""Ming_Dao""",278,1,m,Asian
6064,n006151," ""Ming_Tsai""",278,1,m,Asian
6070,n006157," ""Minzy""",509,1,f,Asian
6072,n006159," ""Mirai_Nagasu""",263,1,f,Asian
6101,n006189," ""Misaki_Ito""",238,1,f,Asian
6115,n006203," ""Mizuki_Fukumura""",331,1,f,Asian
6134,n006222," ""Momoe_Yamaguchi""",273,1,f,Asian
6135,n006223," ""Momoko_Tsugunaga""",341,1,f,Asian
6136,n006224," ""Momoko_Ueda""",227,1,f,Asian
6180,n006268," ""Munenori_Kawasaki""",332,1,m,Asian
6254,n006344," ""Nana_Okada""",214,1,f,Asian
6268,n006358," ""Naomi_Kawase""",264,1,f,Asian
6274,n006364," ""Nasha_Aziz""",273,1,f,Asian
6297,n006387," ""Natalie_Tran""",202,1,f,Asian
6327,n006418," ""Natsumi_Matsubara""",337,1,f,Asian
6369,n006461," ""Ngo_Thanh_Van""",459,1,f,Asian
6370,n006462," ""Nguyễn_Minh_Thuyết""",192,1,m,Asian
6371,n006463," ""Nguyễn_Ngọc_Trường_Sơn""",101,1,m,Asian
6372,n006464," ""Nguyễn_Phú_Trọng""",427,1,m,Asian
6373,n006465," ""Nguyễn_Thùy_Lâm""",326,1,f,Asian
6374,n006466," ""Nguyễn_Tiến_Minh""",289,1,m,Asian
6377,n006469," ""Nic_Tse""",305,1,m,Asian
6441,n006534," ""Nigahiga""",325,1,m,Asian
6495,n006590," ""No_Min-woo""",339,1,m,Asian
6498,n006593," ""Nobu_Matsuhisa""",280,1,m,Asian
6510,n006605," ""Nonami_Takizawa""",248,1,f,Asian
6519,n006614," ""Nori_Aoki""",260,1,m,Asian
6524,n006619," ""Nozomi_Sasaki""",469,1,f,Asian
6538,n006633," ""Oh_Ji-young""",197,1,f,Asian
6539,n006634," ""Oh_Yoon-ah""",272,1,f,Asian
6540,n006635," ""Ok-bin_Kim""",302,1,f,Asian
6590,n006688," ""Onew""",511,1,m,Asian
6600,n006698," ""Osamu_Mukai""",305,1,m,Asian
6618,n006717," ""Owodog""",213,1,m,Asian
6642,n006741," ""Pae_Tal-jun""",113,1,m,Asian
6674,n006773," ""Park_Chu-young""",329,1,m,Asian
6676,n006775," ""Park_Jae-sang""",330,1,m,Asian
6679,n006778," ""Park_Jung-min""",413,1,m,Asian
6681,n006780," ""Park_Yong-Ha""",274,1,m,Asian
6776,n006877," ""Paulo_Avelino""",403,1,m,Asian
5,n000006," ""A._R._Rahman""",485,1,m,Indian
6,n000007," ""A._Raja""",259,1,m,Indian
9,n000010," ""Aamani""",156,1,f,Indian
10,n000011," ""Aamna_Sharif""",380,1,f,Indian
21,n000022," ""Aarti_Chhabria""",396,1,f,Indian
27,n000028," ""Abdul_Qadeer_Khan""",264,1,m,Indian
31,n000032," ""Abhay_Deol""",519,1,m,Indian
32,n000033," ""Abhinav_Bindra""",357,1,m,Indian
42,n000043," ""Adah_Sharma""",493,1,f,Indian
68,n000069," ""Additi_Gupta""",398,1,f,Indian
76,n000077," ""Adhyaksa_Dault""",319,1,m,Indian
79,n000080," ""Aditi_Rao_Hydari""",594,1,m,Indian
80,n000081," ""Aditya_Roy_Kapur""",536,1,m,Indian
82,n000083," ""Aditya_Srivastava""",498,1,m,Indian
83,n000084," ""Aditya_Thackeray""",448,1,m,Indian
85,n000086," ""Adnan_Sami""",438,1,m,Indian
102,n000103," ""Aftab_Shivdasani""",572,1,m,Indian
127,n000128," ""Ahmed_Shehzad""",207,1,m,Indian
145,n000146," ""Aindrita_Ray""",312,1,f,Indian
151,n000154," ""Ajay_Devgan""",487,1,m,Indian
154,n000157," ""Ajit_Pawar""",408,1,m,Indian
156,n000159," ""Akhilesh_Yadav""",494,1,m,Indian
160,n000163," ""Akkineni_Nagarjuna""",542,1,m,Indian
162,n000165," ""Akshay_Oberoi""",289,1,m,Indian
168,n000171," ""Al_Roker""",459,1,m,Indian
231,n000235," ""Alesia_Raut""",414,1,f,Indian
342,n000346," ""Alka_Yagnik""",413,1,f,Indian
346,n000350," ""Allari_Naresh""",442,1,m,Indian
373,n000377," ""Amala_Akkineni""",473,1,f,Indian
374,n000378," ""Amala_Paul""",530,1,f,Indian
403,n000408," ""Ami_Trivedi""",275,1,f,Indian
404,n000409," ""Amien_Rais""",362,1,m,Indian
408,n000413," ""Amit_Shah""",437,1,m,Indian
409,n000414," ""Amjad_Ali_Khan""",356,1,m,Indian
411,n000416," ""Amrinder_Gill""",299,1,m,Indian
412,n000417," ""Amruta_Khanvilkar""",393,1,f,Indian
454,n000459," ""Anand_Mahindra""",443,1,m,Indian
456,n000461," ""Ananya""",341,1,f,Indian
483,n000488," ""Andrea_Jeremiah""",411,1,f,Indian
581,n000588," ""Angham""",329,1,f,Indian
591,n000598," ""Anil_Kapoor""",551,1,m,Indian
592,n000599," ""Anish_Giri""",387,1,m,Indian
596,n000603," ""Anita_Hassanandani""",425,1,f,Indian
602,n000609," ""Anjala_Zaveri""",241,1,f,Indian
603,n000610," ""Anjali""",363,1,f,Indian
604,n000611," ""Anjana_Sukhani""",386,1,f,Indian
675,n000683," ""Anoushka_Shankar""",428,1,f,Indian
677,n000685," ""Anshu_Jain""",358,1,m,Indian
679,n000687," ""Antara_Biswas""",208,1,f,Indian
680,n000688," ""Antara_Mali""",222,1,f,Indian
722,n000730," ""Anu_Choudhury""",196,1,f,Indian
723,n000731," ""Anup_Soni""",380,1,m,Indian
724,n000732," ""Anurag_Kashyap""",449,1,m,Indian
725,n000733," ""Anushka_Shetty""",458,1,f,Indian
726,n000734," ""Anuya_Bhagvath""",272,1,f,Indian
730,n000739," ""Apara_Mehta""",245,1,f,Indian
733,n000742," ""Apurva_Agnihotri""",347,1,m,Indian
736,n000745," ""Arbaaz_Khan""",459,1,m,Indian
738,n000747," ""Archie_Panjabi""",397,1,f,Indian
739,n000748," ""Arhaan_Behl""",221,1,m,Indian
760,n000769," ""Arjan_Bajwa""",472,1,m,Indian
764,n000773," ""Armaan_Malik""",458,1,m,Indian
775,n000784," ""Arshad_Warsi""",462,1,m,Indian
787,n000796," ""Arun_Vijay""",451,1,m,Indian
788,n000797," ""Arunoday_Singh""",330,1,m,Indian
790,n000799," ""Arya_Babbar""",407,1,m,Indian
806,n000815," ""Ashok_Dinda""",229,1,m,Indian
824,n000833," ""Avika_Gor""",537,1,f,Indian
834,n000843," ""Ayesha_Khan""",335,1,f,Indian
848,n000857," ""Ayushmann_Khurrana""",558,1,m,Indian
851,n000860," ""Azim_Premji""",326,1,m,Indian
860,n000869," ""B._S._Yeddyurappa""",499,1,m,Indian
872,n000882," ""Bandaru_Dattatreya""",264,1,m,Indian
873,n000883," ""Bappi_Lahiri""",457,1,m,Indian
1009,n001023," ""Bhakti_Charu_Swami""",204,1,m,Indian
1010,n001024," ""Bhama""",470,1,f,Indian
1011,n001025," ""Bhavana_Menon""",535,1,f,Indian
1012,n001026," ""Bhumika_Chawla""",497,1,f,Indian
1055,n001069," ""Bindu_Madhavi""",391,1,f,Indian
1106,n001121," ""Bobby_Jindal""",464,1,m,Indian
1122,n001137," ""Boman_Irani""",475,1,m,Indian
1150,n001165," ""Brahmanandam""",447,1,m,Indian
1334,n001351," ""Carissa_Putri""",344,1,f,Indian
1486,n001504," ""Chanda_Kochhar""",390,1,f,Indian
1559,n001579," ""Chiranjeevi""",425,1,m,Indian
1560,n001580," ""Chitrashi_Rawat""",325,1,f,Indian
1836,n001858," ""D._V._Sadananda_Gowda""",466,1,m,Indian
1854,n001876," ""Daler_Mehndi""",374,1,m,Indian
1972,n001996," ""Darsheel_Safary""",416,1,m,Indian
1973,n001998," ""Dasari_Narayana_Rao""",386,1,m,Indian
2045,n002071," ""Dayanand_Shetty""",355,1,m,Indian
2046,n002072," ""Dayanidhi_Maran""",344,1,m,Indian
2062,n002088," ""Debina_Bonnerjee""",410,1,f,Indian
2076,n002102," ""Deeksha_Seth""",426,1,f,Indian
2077,n002103," ""Deepal_Shaw""",214,1,f,Indian
2110,n002136," ""Deniz_Çakır""",522,1,f,Indian
2129,n002155," ""Dev_Patel""",505,1,m,Indian
2130,n002156," ""Deval_Patrick""",430,1,m,Indian
2137,n002163," ""Dhanush""",448,1,m,Indian
2138,n002164," ""Dhanya_Mary_Varghese""",229,1,f,Indian
2139,n002165," ""Dia_Mirza""",648,1,f,Indian
2148,n002174," ""Diana_Penty""",438,1,f,Indian
2150,n002176," ""Diandra_Soares""",347,1,f,Indian
2184,n002211," ""Diganth""",371,1,m,Indian
2186,n002213," ""Digvijay_Singh""",307,1,m,Indian
2188,n002215," ""Dileep""",429,1,m,Indian
2191,n002218," ""Dimple_Jhangiani""",264,1,f,Indian
2192,n002219," ""Dimpy_Mahajan""",386,1,f,Indian
2203,n002230," ""Dipannita_Sharma""",428,1,f,Indian
2210,n002237," ""Divya_Bharti""",367,1,f,Indian
2211,n002238," ""Divya_Khosla""",518,1,f,Indian
2268,n002296," ""Dravid""",263,1,m,Indian
2585,n002618," ""Esha_Deol""",523,1,f,Indian
2696,n002730," ""Fardeen_Khan""",467,1,m,Indian
2698,n002732," ""Farhan_Akhtar""",532,1,m,Indian
2701,n002735," ""Farooq_Sheikh""",246,1,m,Indian
2710,n002744," ""Fawad_Afzal_Khan""",489,1,m,Indian
2889,n002925," ""G._K._Vasan""",372,1,m,Indian
2915,n002951," ""Gagan_Narang""",277,1,m,Indian
2924,n002960," ""Ganesh_Venkatraman""",399,1,m,Indian
2950,n002986," ""Gautam_Gambhir""",369,1,m,Indian
2951,n002987," ""Gautam_Rode""",490,1,m,Indian
2953,n002989," ""Gayatri_Joshi""",418,1,m,Indian
2959,n002995," ""Geeta_Kapoor""",333,1,f,Indian
2960,n002997," ""Geetha_Madhuri""",405,1,f,Indian
3135,n003173," ""Gopichand""",391,1,m,Indian
3136,n003174," ""Gopika""",397,1,f,Indian
3141,n003179," ""Govinda""",474,1,m,Indian
3142,n003180," ""Gowri_Munjal""",303,1,f,Indian
3159,n003197," ""Greg_Inglis""",523,1,m,Indian
3200,n003239," ""Gulshan_Grover""",523,1,m,Indian
3201,n003240," ""Gulzar""",263,1,m,Indian
3202,n003241," ""Gurdas_Maan""",435,1,m,Indian
3203,n003242," ""Gurmeet_Choudhary""",479,1,m,Indian
3204,n003243," ""Gurmeet_Ram_Rahim_Singh""",335,1,m,Indian
3247,n003286," ""H._D._Kumaraswamy""",439,1,m,Indian
3267,n003306," ""Hamsa_Nandini""",432,1,f,Indian
3295,n003335," ""Hansika_Motwani""",511,1,f,Indian
3297,n003337," ""Hariprasad_Chaurasia""",341,1,m,Indian
3298,n003338," ""Haripriya""",432,1,f,Indian
3303,n003343," ""Harman_Baweja""",486,1,m,Indian
3312,n003352," ""Harshad_Chopra""",406,1,m,Indian
3426,n003466," ""Hiten_Tejwani""",421,1,m,Indian
3451,n003492," ""Hrishitaa_Bhatt""",449,1,f,Indian
3460,n003501," ""Humaima_Malik""",419,1,f,Indian
3516,n003558," ""Iman_Ali""",204,1,f,Indian
3523,n003565," ""Imran_Hashmi""",513,1,m,Indian
3530,n003572," ""Indraneil_Sengupta""",326,1,m,Indian
3531,n003573," ""Indrani_Haldar""",219,1,f,Indian
3554,n003598," ""Irfan_Pathan""",457,1,m,Indian
3579,n003624," ""Isha_Koppikar""",465,1,f,Indian
3580,n003625," ""Isha_Sharvani""",294,1,f,Indian
3581,n003626," ""Ishant_Sharma""",417,1,m,Indian
3618,n003664," ""J._D._Chakravarthy""",261,1,m,Indian
3671,n003718," ""Jagmohan_Dalmiya""",259,1,m,Indian
3680,n003727," ""Jairam_Ramesh""",428,1,m,Indian
3765,n003814," ""Janani_Iyer""",360,1,f,Indian
3842,n003891," ""Jay_Soni""",292,1,m,Indian
3846,n003895," ""Jaya_Prada""",555,1,f,Indian
3848,n003897," ""Jayam_Ravi""",541,1,m,Indian
3850,n003899," ""Jayasurya""",444,1,m,Indian
3895,n003944," ""Jeeva""",414,1,m,Indian
3929,n003978," ""Jennifer_Kotwal""",212,1,f,Indian
3984,n004034," ""Jesse_Randhawa""",386,1,f,Indian
4019,n004069," ""Jiah_Khan""",392,1,f,Indian
4181,n004237," ""Johnny_Lever""",455,1,m,Indian
4317,n004376," ""Joya_Ahsan""",286,1,f,Indian
4356,n004416," ""Juggan_Kazim""",406,1,f,Indian
4358,n004418," ""Juhi_Chawla""",591,1,f,Indian
4429,n004489," ""Jwala_Gutta""",515,1,f,Indian
4430,n004490," ""Jyothika""",553,1,f,Indian
4431,n004491," ""Jyoti_Amge""",331,1,f,Indian
4458,n004518," ""Kabir_Bedi""",425,1,m,Indian
4460,n004520," ""Kadek_Devie""",229,1,f,Indian
4465,n004525," ""Kailash_Kher""",444,1,m,Indian
4468,n004528," ""Kajal_Aggarwal""",558,1,f,Indian
4469,n004529," ""Kajol""",321,1,f,Indian
4475,n004535," ""Kamal_Haasan""",533,1,m,Indian
4476,n004536," ""Kamal_Nath""",396,1,m,Indian
4477,n004537," ""Kamala_Harris""",414,1,f,Indian
4478,n004538," ""Kamalinee_Mukherjee""",460,1,f,Indian
4484,n004544," ""Kamya_Panjabi""",328,1,f,Indian
4493,n004553," ""Kapil_Sibal""",438,1,m,Indian
4499,n004559," ""Karan_Johar""",546,1,m,Indian
4500,n004560," ""Karan_Mehra""",433,1,m,Indian
4501,n004561," ""Karan_Tacker""",567,1,m,Indian
4502,n004562," ""Karan_Wahi""",463,1,m,Indian
4521,n004581," ""Karishma_Manandhar""",229,1,f,Indian
4522,n004582," ""Karishma_Tanna""",399,1,f,Indian
4538,n004598," ""Karthi""",537,1,m,Indian
4539,n004599," ""Karthika_Nair""",360,1,f,Indian
4540,n004600," ""Karun_Chandhok""",295,1,m,Indian
4608,n004670," ""Kausha_Rach""",218,1,f,Indian
4609,n004671," ""Kaveri_Jha""",286,1,f,Indian
4610,n004672," ""Kavya_Madhavan""",459,1,f,Indian
4622,n004684," ""Keerthi_Chawla""",361,1,f,Indian
4761,n004829," ""King_Khan""",412,1,m,Indian
4766,n004834," ""Kinshuk_Mahajan""",419,1,m,Indian
4770,n004838," ""Kiran_Mazumdar-Shaw""",360,1,f,Indian
4771,n004839," ""Kiran_Rathod""",302,1,f,Indian
4775,n004843," ""Kirron_Kher""",606,1,f,Indian
4794,n004862," ""Koel_Mallick""",384,1,f,Indian
4811,n004879," ""Kratika_Sengar""",406,1,f,Indian
4821,n004889," ""Krisdayanti""",557,1,f,Indian
4857,n004926," ""Kulraj_Randhawa""",343,1,f,Indian
4858,n004927," ""Kumar_Sangakkara""",391,1,m,Indian
4860,n004929," ""Kunal_Khemu""",430,1,m,Indian
4900,n004969," ""Lakshmi_Gopalaswamy""",347,1,f,Indian
4901,n004970," ""Lakshmi_Menon""",341,1,f,Indian
4904,n004973," ""Lalu_Prasad_Yadav""",388,1,m,Indian
4932,n005001," ""Lasith_Malinga""",426,1,m,Indian
4987,n005057," ""Leander_Paes""",483,1,m,Indian
5098,n005172," ""Lillete_Dubey""",330,1,f,Indian
5305,n005379," ""M._S._Narayana""",295,1,m,Indian
5329,n005403," ""Madhura_Naik""",278,1,f,Indian
5330,n005404," ""Madiha_Iftikhar""",229,1,f,Indian
5355,n005429," ""Mahela_Jayawardene""",311,1,m,Indian
5357,n005431," ""Mahima_Chaudhry""",414,1,f,Indian
5358,n005432," ""Mahinda_Rajapaksa""",491,1,m,Indian
5359,n005433," ""Mahira_Khan""",458,1,f,Indian
5360,n005434," ""Mahleej_Sarkari""",167,1,f,Indian
5375,n005449," ""Malaika_Arora_Khan""",657,1,f,Indian
5390,n005464," ""Mammootty""",589,1,m,Indian
5392,n005466," ""Mamta_Kulkarni""",329,1,f,Indian
5393,n005467," ""Mamta_Mohandas""",406,1,f,Indian
5394,n005468," ""Manasvi_Mamgai""",394,1,f,Indian
5395,n005469," ""Manchu_Lakshmi_Prasanna""",445,1,f,Indian
5396,n005470," ""Manchu_Vishnu""",313,1,m,Indian
5401,n005475," ""Manish_Paul""",536,1,m,Indian
5402,n005476," ""Manisha_Koirala""",470,1,f,Indian
5403,n005477," ""Manjari_Phadnis""",406,1,f,Indian
5405,n005479," ""Manohar_Parrikar""",441,1,m,Indian
5412,n005486," ""Manu_Payet""",246,1,m,Indian
5714,n005793," ""Mata_Amritanandamayi""",308,1,f,Indian
5763,n005844," ""Mauli_Dave""",176,1,f,Indian
5808,n005891," ""Mayawati""",477,1,f,Indian
5823,n005906," ""Medha_Patkar""",402,1,f,Indian
5824,n005907," ""Meera_Chopra""",269,1,f,Indian
5825,n005908," ""Meera_Jasmine""",362,1,f,Indian
5826,n005909," ""Meera_Nandan""",361,1,f,Indian
5827,n005910," ""Meera_Syal""",320,1,f,Indian
5828,n005911," ""Meera_Vasudevan""",209,1,f,Indian
5836,n005919," ""Meghna_Naidu""",333,1,f,Indian
5847,n005930," ""Mehwish_Hayat""",342,1,f,Indian
5848,n005931," ""Meira_Kumar""",467,1,f,Indian
6103,n006191," ""Mishal_Raheja""",354,1,m,Indian
6104,n006192," ""Miss_Pooja""",332,1,f,Indian
6111,n006199," ""Mithali_Raj""",201,1,f,Indian
6112,n006200," ""Mithra_Kurian""",255,1,f,Indian
6124,n006212," ""Mohammad_Hafeez""",265,1,m,Indian
6125,n006213," ""Mohammad_Mahfud""",213,1,m,Indian
6126,n006214," ""Mohanlal""",564,1,m,Indian
6128,n006216," ""Mohit_Sehgal""",292,1,m,Indian
6140,n006228," ""Mona_Singh""",379,1,f,Indian
6143,n006231," ""Monica_Dogra""",369,1,f,Indian
6156,n006244," ""Monty_Panesar""",369,1,m,Indian
6165,n006253," ""Mouni_Roy""",530,1,f,Indian
6177,n006265," ""Muktha""",377,1,f,Indian
6178,n006266," ""Mulayam_Singh_Yadav""",540,1,m,Indian
6179,n006267," ""Mumaith_Khan""",448,1,f,Indian
6191,n006279," ""Murli_Manohar_Joshi""",297,1,m,Indian
6220,n006310," ""N._Chandrababu_Naidu""",485,1,m,Indian
6233,n006323," ""Nadine_Njeim""",200,1,f,Indian
6243,n006333," ""Naga_Chaitanya""",459,1,m,Indian
6244,n006334," ""Nagesh_Kukunoor""",365,1,m,Indian
6249,n006339," ""Nakuul_Mehta""",389,1,m,Indian
6251,n006341," ""Namitha""",488,1,f,Indian
6252,n006342," ""Namrata_Shirodkar""",374,1,f,Indian
6262,n006352," ""Nandamuri_Balakrishna""",550,1,m,Indian
6263,n006353," ""Nandamuri_Kalyan_Ram""",229,1,m,Indian
6264,n006354," ""Nandan_Nilekani""",430,1,m,Indian
6271,n006361," ""Narayan_Rane""",354,1,m,Indian
6272,n006362," ""Narayani_Shastri""",337,1,f,Indian
6273,n006363," ""Narendra_Modi""",554,1,m,Indian
6331,n006423," ""Navi_Pillay""",336,1,f,Indian
6333,n006425," ""Nawal_El_Moutawakel""",230,1,f,Indian
6335,n006427," ""Nayantara""",468,1,f,Indian
6338,n006430," ""Nazia_Iqbal""",217,1,f,Indian
6343,n006435," ""Neelima_Rani""",223,1,f,Indian
6344,n006436," ""Neena_Gupta""",304,1,f,Indian
6345,n006437," ""Neetha_Shetty""",250,1,f,Indian
6346,n006438," ""Neethu""",228,1,f,Indian
6613,n006712," ""Oviya""",400,1,f,Indian
6624,n006723," ""P._T._Usha""",291,1,f,Indian
6625,n006724," ""P._V._Sindhu""",404,1,f,Indian
6645,n006744," ""Pallavi_Subhash""",268,1,f,Indian
6652,n006751," ""Panchi_Bora""",327,1,f,Indian
6659,n006758," ""Paoli_Dam""",254,1,f,Indian
6683,n006782," ""Parvati_Melton""",351,1,f,Indian
6791,n006892," ""Payal_Ghosh""",407,1,f,Indian
6805,n006906," ""Pegah_Ferydoni""",330,1,f,Indian
6957,n007061," ""Praveen_Togadia""",273,1,m,Indian
6972,n007076," ""Prithviraj_Sukumaran""",488,1,m,Indian
6979,n007083," ""Pulkit_Samrat""",408,1,m,Indian
6980,n007084," ""Puri_Jagannadh""",400,1,m,Indian
7002,n007106," ""R._Madhavan""",538,1,m,Indian
7003,n007107," ""R._R._Patil""",351,1,m,Indian
7056,n007160," ""Raghuram_Rajan""",494,1,m,Indian
7060,n007164," ""Rahul_Bajaj""",210,1,m,Indian
7061,n007165," ""Rahul_Bose""",488,1,m,Indian
2,n000003," ""A._A._Gill""",205,1,m,Caucasian
23,n000024," ""Abbey_Clancy""",451,1,f,Caucasian
61,n000062," ""Adam_Schiff""",321,1,m,Caucasian
64,n000065," ""Adam_Sztaba""",394,1,m,Caucasian
97,n000098," ""Adrienne_Frantz""",482,1,f,Caucasian
99,n000100," ""Adrienne_Maloof""",485,1,f,Caucasian
174,n000177," ""Alain_Minc""",266,1,m,Caucasian
182,n000185," ""Alan_Pardew""",554,1,m,Caucasian
185,n000188," ""Alana_Curry""",494,1,f,Caucasian
239,n000243," ""Alessandro_Nivola""",436,1,m,Caucasian
244,n000248," ""Alessia_Marcuzzi""",518,1,f,Caucasian
254,n000258," ""Alex_Gibney""",230,1,m,Caucasian
275,n000279," ""Alexander_Merkel""",206,1,m,Caucasian
278,n000282," ""Alexander_Skarsgård""",588,1,m,Caucasian
309,n000313," ""Alfred_Schreuder""",225,1,m,Caucasian
329,n000333," ""Alicja_Janosz""",350,1,f,Caucasian
348,n000352," ""Allen_Leech""",475,1,m,Caucasian
350,n000354," ""Alley_Mills""",370,1,f,Caucasian
419,n000424," ""Amy_Gumenick""",207,1,f,Caucasian
449,n000454," ""Ana_Torroja""",331,1,f,Caucasian
464,n000469," ""Anderson_Cooper""",476,1,m,Caucasian
484,n000489," ""Andrea_Kaiser""",338,1,f,Caucasian
507,n000512," ""Andreas_Pinkwart""",248,1,m,Caucasian
509,n000514," ""Andreas_Seppi""",287,1,m,Caucasian
539,n000545," ""André_Schürrle""",514,1,m,Caucasian
567,n000574," ""Angela_Rippon""",431,1,f,Caucasian
600,n000607," ""Anita_Włodarczyk""",408,1,f,Caucasian
608,n000615," ""Anke_Huber""",221,1,f,Caucasian
612,n000620," ""Anna_Chlumsky""",497,1,f,Caucasian
621,n000629," ""Anna_Loos""",472,1,f,Caucasian
636,n000644," ""Anne_Dudek""",303,1,f,Caucasian
639,n000647," ""Anne_Igartiburu""",440,1,f,Caucasian
649,n000657," ""Anne_Vyalitsyna""",382,1,f,Caucasian
653,n000661," ""Anne-Sophie_Lapix""",445,1,f,Caucasian
655,n000663," ""Annemarie_Eilfeld""",557,1,f,Caucasian
660,n000668," ""Annette_Frier""",514,1,f,Caucasian
661,n000669," ""Annette_Gerritsen""",226,1,f,Caucasian
666,n000674," ""Annie_Lööf""",445,1,f,Caucasian
671,n000679," ""Anniken_Huitfeldt""",337,1,f,Caucasian
678,n000686," ""Antanas_Guoga""",349,1,m,Caucasian
684,n000692," ""Anthony_Hopkins""",431,1,m,Caucasian
797,n000806," ""Ashley_Eckstein""",347,1,f,Caucasian
800,n000809," ""Ashley_Monroe""",289,1,f,Caucasian
865,n000874," ""Baiba_Sipeniece""",184,1,f,Caucasian
876,n000886," ""Barbara_Alyn_Woods""",359,1,f,Caucasian
880,n000890," ""Barbara_Cook""",266,1,f,Caucasian
895,n000905," ""Barry_Atsma""",349,1,m,Caucasian
899,n000909," ""Barry_Sloane""",327,1,m,Caucasian
909,n000919," ""Bastian_Schweinsteiger""",426,1,m,Caucasian
930,n000941," ""Belén_Rueda""",572,1,f,Caucasian
940,n000951," ""Ben_Roberts-Smith""",243,1,m,Caucasian
949,n000960," ""Benjamin_Castaldi""",374,1,m,Caucasian
971,n000982," ""Bernd_Leno""",354,1,m,Caucasian
973,n000984," ""Bernhard_Brink""",416,1,m,Caucasian
992,n001003," ""Beth_Littleford""",363,1,f,Caucasian
999,n001010," ""Bette_Midler""",509,1,f,Caucasian
1006,n001018," ""Beverley_Callard""",421,1,f,Caucasian
1038,n001052," ""Bill_Shorten""",509,1,m,Caucasian
1040,n001054," ""Bill_Walton""",338,1,m,Caucasian
1044,n001058," ""Billy_Currington""",305,1,m,Caucasian
1051,n001065," ""Billy_Magnussen""",349,1,m,Caucasian
1077,n001091," ""Blythe_Danner""",542,1,f,Caucasian
1102,n001117," ""Bobbie_Eakes""",371,1,f,Caucasian
1113,n001128," ""Bodil_Jørgensen""",218,1,f,Caucasian
1130,n001145," ""Boris_Johnson""",631,1,m,Caucasian
1172,n001187," ""Brenda_Strong""",500,1,f,Caucasian
1179,n001194," ""Brett_Cullen""",222,1,m,Caucasian
1202,n001217," ""Brianna_Keilar""",208,1,f,Caucasian
1205,n001220," ""Bridget_Maasland""",367,1,f,Caucasian
1206,n001221," ""Bridget_Marquardt""",577,1,f,Caucasian
1208,n001223," ""Bridgit_Mendler""",492,1,f,Caucasian
1210,n001225," ""Brie_Larson""",548,1,f,Caucasian
1216,n001231," ""Britt_McHenry""",204,1,f,Caucasian
1240,n001255," ""Bruce_Greenwood""",301,1,m,Caucasian
1242,n001257," ""Bruce_Willis""",217,1,m,Caucasian
1300,n001315," ""Cameron_Winklevoss""",469,1,m,Caucasian
1306,n001322," ""Camilla_Duchess_of_Cornwall""",513,1,f,Caucasian
1315,n001332," ""Candace_Bushnell""",345,1,f,Caucasian
1329,n001346," ""Caprice_Bourret""",430,1,f,Caucasian
1331,n001348," ""CariDee_English""",416,1,f,Caucasian
1347,n001364," ""Carley_Stenson""",339,1,f,Caucasian
1370,n001387," ""Carly_Fiorina""",478,1,f,Caucasian
1382,n001399," ""Carmen_Nebel""",286,1,f,Caucasian
1394,n001411," ""Carole_Gaessler""",333,1,f,Caucasian
1404,n001421," ""Caroline_Manzo""",451,1,f,Caucasian
1407,n001424," ""Caroline_Sunshine""",361,1,f,Caucasian
1421,n001438," ""Carsten_Jancker""",241,1,m,Caucasian
1443,n001460," ""Catherine_OHara""",441,1,f,Caucasian
1455,n001472," ""Cecile_Richards""",309,1,f,Caucasian
1492,n001510," ""Chantal_Janzen""",246,1,f,Caucasian
1506,n001525," ""Charles_Rivkin""",252,1,m,Caucasian
1517,n001537," ""Charlie_Dimmock""",354,1,f,Caucasian
1540,n001560," ""Chelsie_Hightower""",446,1,f,Caucasian
1544,n001564," ""Cherish_Lee""",270,1,f,Caucasian
1548,n001568," ""Cheryl_Tiegs""",429,1,f,Caucasian
1593,n001613," ""Chris_Van_Hollen""",351,1,m,Caucasian
1594,n001614," ""Chrishell_Stause""",439,1,f,Caucasian
1613,n001633," ""Christian_Jessen""",319,1,m,Caucasian
1614,n001634," ""Christian_Lell""",238,1,m,Caucasian
1619,n001639," ""Christian_Prudhomme""",449,1,m,Caucasian
1627,n001647," ""Christina_Applegate""",495,1,f,Caucasian
1636,n001656," ""Christine_Ebersole""",405,1,f,Caucasian
1641,n001661," ""Christine_St-Pierre""",244,1,f,Caucasian
1647,n001667," ""Christophe_Berra""",216,1,m,Caucasian
1653,n001674," ""Christopher_Masterson""",357,1,m,Caucasian
1678,n001699," ""Claire_Chazal""",463,1,f,Caucasian
1681,n001702," ""Claire_Keim""",312,1,f,Caucasian
1685,n001706," ""Clare_Balding""",457,1,f,Caucasian
1696,n001717," ""Claude_Puel""",411,1,m,Caucasian
1789,n001810," ""Craig_Venter""",284,1,m,Caucasian
1792,n001813," ""Crispin_Glover""",417,1,m,Caucasian
1803,n001825," ""Cristina_Saralegui""",322,1,f,Caucasian
1810,n001832," ""Crystal_Hunt""",337,1,f,Caucasian
1817,n001839," ""Cynthia_Nixon""",540,1,f,Caucasian
1846,n001868," ""Dagmar_Koller""",378,1,f,Caucasian
1847,n001869," ""Dagmar_Manzel""",281,1,f,Caucasian
1855,n001877," ""Daley_Blind""",436,1,m,Caucasian
1859,n001881," ""Damian_Charles_Hurley""",136,1,m,Caucasian
1877,n001899," ""Dan_Snow""",287,1,m,Caucasian
1974,n001999," ""Dash_Mihok""",307,1,m,Caucasian
1975,n002000," ""Dathan_Ritzenhein""",285,1,m,Caucasian
1993,n002018," ""David_Beckham""",412,1,m,Caucasian
2000,n002025," ""David_Caruso""",502,1,m,Caucasian
2003,n002028," ""David_Coulthard""",483,1,m,Caucasian
2018,n002044," ""David_Laws""",213,1,m,Caucasian
2019,n002045," ""David_Limberský""",285,1,m,Caucasian
2030,n002056," ""David_Spade""",484,1,m,Caucasian
2043,n002069," ""Davy_Russell""",241,1,m,Caucasian
2064,n002090," ""Deborah_Hutton""",272,1,f,Caucasian
2069,n002095," ""Debra_Stephenson""",284,1,f,Caucasian
2070,n002096," ""Declan_Donnelly""",452,1,m,Caucasian
2085,n002111," ""Delphine_Batho""",379,1,f,Caucasian
2086,n002112," ""Delphine_Boël""",320,1,f,Caucasian
2097,n002123," ""Denis_Brogniart""",285,1,m,Caucasian
2147,n002173," ""Diana_Krall""",326,1,f,Caucasian
2152,n002178," ""Diane_Lane""",493,1,f,Caucasian
2154,n002180," ""Diane_Sawyer""",463,1,f,Caucasian
2173,n002200," ""Dierks_Bentley""",408,1,m,Caucasian
2205,n002232," ""Dirk_Kuyt""",489,1,m,Caucasian
2225,n002252," ""Dominic_West""",299,1,m,Caucasian
2248,n002276," ""Donna_Spangler""",340,1,f,Caucasian
2252,n002280," ""Doris_Bures""",418,1,f,Caucasian
2294,n002322," ""Dyson_Heppell""",326,1,m,Caucasian
2312,n002340," ""Ed_Helms""",438,1,m,Caucasian
2315,n002343," ""Ed_Schultz""",297,1,m,Caucasian
2317,n002345," ""Eddie_Howe""",402,1,m,Caucasian
2321,n002349," ""Eddie_Money""",239,1,m,Caucasian
2322,n002350," ""Eddie_Redmayne""",587,1,m,Caucasian
2359,n002388," ""Edward_Burns""",421,1,m,Caucasian
2380,n002409," ""Eiður_Guðjohnsen""",457,1,m,Caucasian
2396,n002425," ""Elena_Udrea""",476,1,f,Caucasian
2411,n002441," ""Elisa_Silvestrin""",204,1,f,Caucasian
2412,n002442," ""Elisabeth_Gürtler""",341,1,f,Caucasian
2414,n002444," ""Elisabeth_Hasselbeck""",462,1,f,Caucasian
2418,n002448," ""Elisabeth_Shue""",466,1,f,Caucasian
2422,n002452," ""Elisha_Cuthbert""",499,1,f,Caucasian
2435,n002465," ""Elizabeth_Smart""",349,1,f,Caucasian
2458,n002488," ""Eloise_Mumford""",337,1,f,Caucasian
2498,n002529," ""Emma_Atkins""",223,1,f,Caucasian
2499,n002530," ""Emma_Caulfield""",345,1,f,Caucasian
2535,n002567," ""Epke_Zonderland""",333,1,m,Caucasian
2544,n002576," ""Eric_Close""",361,1,m,Caucasian
2573,n002606," ""Erkki_Tuomioja""",390,1,m,Caucasian
2599,n002632," ""Esther_Rantzen""",513,1,f,Caucasian
2600,n002633," ""Esther_Schweins""",412,1,f,Caucasian
2604,n002637," ""Eugen_Polanski""",328,1,m,Caucasian
2618,n002651," ""Eva_Herman""",312,1,f,Caucasian
2619,n002652," ""Eva_Jinek""",295,1,f,Caucasian
2622,n002655," ""Eva_Mona_Rodekirchen""",291,1,f,Caucasian
2641,n002675," ""Ewa_Błaszczyk""",483,1,f,Caucasian
2736,n002771," ""Felix_Neureuther""",405,1,m,Caucasian
2743,n002778," ""Ferdinand_Piëch""",438,1,m,Caucasian
2744,n002779," ""Fern_Britton""",481,1,f,Caucasian
2759,n002794," ""Fifi_Box""",326,1,f,Caucasian
2770,n002805," ""Fiona_Phillips""",376,1,f,Caucasian
2807,n002843," ""Frances_Conroy""",314,1,f,Caucasian
2808,n002844," ""Frances_Fisher""",436,1,f,Caucasian
2820,n002856," ""Francis_Gillot""",284,1,m,Caucasian
2851,n002887," ""François_Cluzet""",335,1,m,Caucasian
2862,n002898," ""Fred_Teeven""",312,1,m,Caucasian
2867,n002903," ""Fredrik_Skavlan""",302,1,m,Caucasian
2871,n002907," ""Freek_de_Jonge""",252,1,m,Caucasian
2878,n002914," ""Friede_Springer""",338,1,f,Caucasian
2917,n002953," ""Gail_Kelly""",248,1,f,Caucasian
2963,n003000," ""Gena_Lee_Nolin""",433,1,f,Caucasian
2982,n003019," ""George_Eads""",338,1,m,Caucasian
2984,n003021," ""George_Osborne""",567,1,m,Caucasian
3008,n003045," ""Gerhard_Dörfler""",317,1,m,Caucasian
3018,n003055," ""Gertjan_Verbeek""",435,1,m,Caucasian
3026,n003063," ""Giada_De_Laurentiis""",476,1,f,Caucasian
3065,n003102," ""Gina-Lisa_Lohfink""",469,1,f,Caucasian
3105,n003143," ""Glenn_Stevens""",272,1,m,Caucasian
3107,n003145," ""Glenn_Whelan""",312,1,m,Caucasian
3140,n003178," ""Gordon_Strachan""",468,1,m,Caucasian
3150,n003188," ""Graham_Rowntree""",323,1,m,Caucasian
3155,n003193," ""Graydon_Carter""",215,1,m,Caucasian
3156,n003194," ""Greg_Dyke""",269,1,m,Caucasian
3164,n003202," ""Greg_Raymer""",272,1,m,Caucasian
3166,n003204," ""Greg_Rutherford""",441,1,m,Caucasian
3173,n003211," ""Gretchen_Carlson""",440,1,f,Caucasian
3206,n003245," ""Gus_Hansen""",345,1,m,Caucasian
3250,n003289," ""Hadewych_Minis""",280,1,f,Caucasian
3272,n003312," ""Hank_Green""",321,1,m,Caucasian
3279,n003319," ""Hanne_Gaby_Odiele""",526,1,f,Caucasian
3289,n003329," ""Hans_Theessink""",207,1,m,Caucasian
3290,n003330," ""Hans_Vestberg""",342,1,m,Caucasian
3294,n003334," ""Hansi_Hinterseer""",549,1,m,Caucasian
3304,n003344," ""Harriet_Harman""",533,1,f,Caucasian
3310,n003350," ""Harry_Redknapp""",512,1,m,Caucasian
3341,n003381," ""Heather_Elizabeth_Morris""",304,1,f,Caucasian
3343,n003383," ""Heather_Locklear""",548,1,f,Caucasian
3359,n003399," ""Helen_Fospero""",320,1,f,Caucasian
3362,n003402," ""Helen_Svedin""",288,1,f,Caucasian
3363,n003403," ""Helena_Houdová""",325,1,f,Caucasian
3374,n003414," ""Hendrik_Duryn""",303,1,m,Caucasian
3376,n003416," ""Henning_Berg""",418,1,m,Caucasian
3400,n003440," ""Hermione_Norris""",367,1,f,Caucasian
3412,n003452," ""Hilary_Mantel""",288,1,f,Caucasian
3417,n003457," ""Hilde_Crevits""",199,1,f,Caucasian
3444,n003485," ""Horst_Seehofer""",553,1,m,Caucasian
3445,n003486," ""Howard_Carpendale""",439,1,m,Caucasian
3486,n003527," ""Ian_Ziering""",500,1,m,Caucasian
3521,n003563," ""Imogen_Lloyd_Webber""",260,1,f,Caucasian
3533,n003575," ""Inga_Marte_Thorkildsen""",187,1,f,Caucasian
3536,n003578," ""Ingrid_Coronado""",296,1,f,Caucasian
3538,n003580," ""Inka_Bause""",429,1,f,Caucasian
3552,n003596," ""Irene_Moors""",290,1,f,Caucasian
3605,n003650," ""Iveta_Radičová""",451,1,f,Caucasian
3621,n003668," ""J._J._Watt""",335,1,m,Caucasian
3626,n003673," ""Jacek_Kurski""",415,1,m,Caucasian
3630,n003677," ""Jack_Butland""",378,1,m,Caucasian
3639,n003686," ""Jack_Riewoldt""",279,1,m,Caucasian
3644,n003691," ""Jack_Wagner""",396,1,m,Caucasian
3668,n003715," ""Jade_Parfitt""",484,1,f,Caucasian
3683,n003730," ""Jake_Pavelka""",270,1,m,Caucasian
3702,n003749," ""James_Cameron""",345,1,m,Caucasian
3703,n003750," ""James_Cracknell""",382,1,m,Caucasian
3711,n003758," ""James_Haskell""",431,1,m,Caucasian
3713,n003760," ""James_Hird""",392,1,m,Caucasian
3718,n003766," ""James_Milner""",355,1,m,Caucasian
3724,n003772," ""James_Tupper""",424,1,m,Caucasian
3725,n003773," ""James_Van_Der_Beek""",494,1,m,Caucasian
3730,n003778," ""Jamie_Colby""",381,1,f,Caucasian
3753,n003801," ""Jan_Maxwell""",252,1,f,Caucasian
3754,n003802," ""Jan_Mølby""",140,1,m,Caucasian
3756,n003805," ""Jan_Tomaszewski""",282,1,m,Caucasian
3855,n003904," ""Jean_Charest""",469,1,m,Caucasian
3897,n003946," ""Jeff_Bridges""",460,1,m,Caucasian
3899,n003948," ""Jeff_Corwin""",319,1,m,Caucasian
3900,n003949," ""Jeff_Dunham""",336,1,m,Caucasian
3920,n003969," ""Jenna_Elfman""",414,1,f,Caucasian
3924,n003973," ""Jennie_Garth""",527,1,f,Caucasian
3934,n003983," ""Jennifer_Westfeldt""",445,1,f,Caucasian
3939,n003988," ""Jenny_McCarthy""",617,1,f,Caucasian
3953,n004002," ""Jeremy_Paxman""",358,1,m,Caucasian
3963,n004013," ""Jerry_Brown""",392,1,m,Caucasian
3964,n004014," ""Jerry_Bruckheimer""",371,1,m,Caucasian
3966,n004016," ""Jerry_OConnell""",452,1,m,Caucasian
3986,n004036," ""Jessica_Almenäs""",388,1,f,Caucasian
3993,n004043," ""Jessica_Lange""",479,1,f,Caucasian
4013,n004063," ""Jet_Bussemaker""",364,1,f,Caucasian
4021,n004071," ""Jill_Clayburgh""",319,1,f,Caucasian
4039,n004090," ""Jim_Murphy""",374,1,m,Caucasian
4068,n004120," ""Jo_Whiley""",500,1,f,Caucasian
4096,n004148," ""Jodi_Applegate""",220,1,f,Caucasian
4118,n004170," ""Joel_Quenneville""",391,1,m,Caucasian
4137,n004189," ""Johanne_Schmidt-Nielsen""",382,1,f,Caucasian
4140,n004192," ""John_Arne_Riise""",386,1,m,Caucasian
4145,n004197," ""John_Cornyn""",365,1,m,Caucasian
4160,n004215," ""John_Kasich""",495,1,m,Caucasian
4207,n004263," ""Jon_Voight""",446,1,m,Caucasian
4240,n004297," ""Jordan_Rhodes""",361,1,m,Caucasian
4263,n004321," ""Josefine_Preuß""",439,1,f,Caucasian
4283,n004341," ""Josh_Turner""",305,1,m,Caucasian
4285,n004343," ""Josie_Bissett""",325,1,f,Caucasian
4315,n004374," ""Joy_Behar""",391,1,f,Caucasian
4348,n004408," ""Judi_Dench""",549,1,f,Caucasian
4349,n004409," ""Judi_Evans""",337,1,f,Caucasian
4375,n004435," ""Julian_Richings""",213,1,m,Caucasian
4382,n004442," ""Julie_Benz""",464,1,f,Caucasian
4383,n004443," ""Julie_Bowen""",577,1,f,Caucasian
4384,n004444," ""Julie_Depardieu""",370,1,f,Caucasian
4388,n004448," ""Julie_Hesmondhalgh""",355,1,f,Caucasian
4390,n004450," ""Julie_Taton""",325,1,f,Caucasian
4395,n004455," ""Juliet_Huddy""",322,1,f,Caucasian
4437,n004497," ""Jérémie_Renier""",402,1,m,Caucasian
4439,n004499," ""Jérémy_Mathieu""",336,1,m,Caucasian
4446,n004506," ""Józef_Oleksy""",371,1,m,Caucasian
4651,n004713," ""Ken_Duken""",430,1,m,Caucasian
4661,n004724," ""Kenny_Dalglish""",469,1,m,Caucasian
4674,n004737," ""Kevin_Costner""",525,1,m,Caucasian
4785,n004853," ""Klaus_Kleinfeld""",220,1,m,Caucasian
4874,n004943," ""Kyle_Lowder""",345,1,m,Caucasian
4958,n005027," ""Laurence_Fox""",351,1,m,Caucasian
4961,n005030," ""Laurence_Parisot""",424,1,m,Caucasian
4964,n005033," ""Laurent_Delahousse""",269,1,m,Caucasian
4968,n005037," ""Laurent_Ruquier""",332,1,m,Caucasian
5084,n005158," ""Liam_McIntyre""",371,1,m,Caucasian
5174,n005248," ""Lorne_Michaels""",318,1,m,Caucasian
5186,n005260," ""Louie_Gohmert""",305,1,m,Caucasian
